project_code,size,status,region,investment_budget,public_funding,nace_2_digits_code,nace_2_digits_description,sector_code,sector_description
p_1,Small,Existing,Ionian Islands,0.482832,0.26050428,11,Manufacture of beverages,C, Manufacturing
p_2,Medium,Existing,Attica,0.72938806,0.25528582,25,"Manufacture of fabricated metal products, except machinery and equipment",C, Manufacturing
p_2,Medium,Existing,Attica,0.72938806,0.25528582,25,"Manufacture of fabricated metal products, except machinery and equipment",C, Manufacturing
p_2,Medium,Existing,Attica,0.72938806,0.25528582,28,Manufacture of machinery and equipment n.e.c.,C, Manufacturing
p_3,Micro,Existing,Central Macedonia,0.359,0.2513,31,Manufacture of furniture,C, Manufacturing
p_3,Micro,Existing,Central Macedonia,0.359,0.2513,31,Manufacture of furniture,C, Manufacturing
p_3,Micro,Existing,Central Macedonia,0.359,0.2513,31,Manufacture of furniture,C, Manufacturing
p_3,Micro,Existing,Central Macedonia,0.359,0.2513,31,Manufacture of furniture,C, Manufacturing
p_4,Micro,New,Thessaly,0.471,0.3292,25,"Manufacture of fabricated metal products, except machinery and equipment",C, Manufacturing
p_4,Micro,New,Thessaly,0.471,0.3292,25,"Manufacture of fabricated metal products, except machinery and equipment",C, Manufacturing
p_4,Micro,New,Thessaly,0.471,0.3292,33,Repair and installation of machinery and equipment,C, Manufacturing
p_5,Medium,Existing,Crete,0.4215,0.206535,38,"Waste collection, treatment and disposal activities; materials recovery",E," Water supply, sewerage, waste management and remediation"
p_6,Small,Existing,Central Macedonia,1.5089155,1.05574085,10,Manufacture of food products,C, Manufacturing
p_7,Small,Existing,Attica,1.4835908,0.66761586,20,Manufacture of chemicals and chemical products,C, Manufacturing
p_7,Small,Existing,Attica,1.4835908,0.66761586,20,Manufacture of chemicals and chemical products,C, Manufacturing
p_8,Small,Existing,Central Macedonia,0.287754,0.2009278,14,Manufacture of wearing apparel,C, Manufacturing
p_8,Small,Existing,Central Macedonia,0.287754,0.2009278,14,Manufacture of wearing apparel,C, Manufacturing
p_9,Micro,Existing,Crete,0.6325,0.44225,18,Printing and reproduction of recorded media,C, Manufacturing
p_9,Micro,Existing,Crete,0.6325,0.44225,18,Printing and reproduction of recorded media,C, Manufacturing
p_9,Micro,Existing,Crete,0.6325,0.44225,18,Printing and reproduction of recorded media,C, Manufacturing
p_10,Small,Existing,Attica,1.1990506,0.53957277,20,Manufacture of chemicals and chemical products,C, Manufacturing
p_11,Small,Existing,Central Macedonia,0.7097,0.446786,10,Manufacture of food products,C, Manufacturing
p_11,Small,Existing,Central Macedonia,0.7097,0.446786,13,Manufacture of textiles,C, Manufacturing
p_11,Small,Existing,Central Macedonia,0.7097,0.446786,13,Manufacture of textiles,C, Manufacturing
p_11,Small,Existing,Central Macedonia,0.7097,0.446786,13,Manufacture of textiles,C, Manufacturing
p_11,Small,Existing,Central Macedonia,0.7097,0.446786,14,Manufacture of wearing apparel,C, Manufacturing
p_11,Small,Existing,Central Macedonia,0.7097,0.446786,31,Manufacture of furniture,C, Manufacturing
p_11,Small,Existing,Central Macedonia,0.7097,0.446786,32,Other manufacturing,C, Manufacturing
p_12,Small,Existing,Sterea Ellada,1.92544332,1.15526599,22,Manufacture of rubber and plastic products,C, Manufacturing
p_13,Micro,Existing,Attica,2.29,0.8015,18,Printing and reproduction of recorded media,C, Manufacturing
p_14,Medium,Existing,Epirus,1.19538853,0.45424764,11,Manufacture of beverages,C, Manufacturing
p_15,Small,Existing,Attica,0.5437692,0.21775767999999998,25,"Manufacture of fabricated metal products, except machinery and equipment",C, Manufacturing
p_16,Small,Existing,Attica,0.679765,0.304299,71,Architectural and engineering activities; technical testing and analysis,M," Legal, accounting, management, architecture, engineering, technical testing and analysis activities"
p_17,Medium,Existing,Central Macedonia,0.56455,0.33873,10,Manufacture of food products,C, Manufacturing
p_18,Medium,Existing,Thessaly,5.93993016,2.19777415,17,Manufacture of paper and paper products,C, Manufacturing
p_18,Medium,Existing,Thessaly,5.93993016,2.19777415,17,Manufacture of paper and paper products,C, Manufacturing
p_18,Medium,Existing,Thessaly,5.93993016,2.19777415,17,Manufacture of paper and paper products,C, Manufacturing
p_18,Medium,Existing,Thessaly,5.93993016,2.19777415,20,Manufacture of chemicals and chemical products,C, Manufacturing
p_18,Medium,Existing,Thessaly,5.93993016,2.19777415,22,Manufacture of rubber and plastic products,C, Manufacturing
p_18,Medium,Existing,Thessaly,5.93993016,2.19777415,22,Manufacture of rubber and plastic products,C, Manufacturing
p_18,Medium,Existing,Thessaly,5.93993016,2.19777415,22,Manufacture of rubber and plastic products,C, Manufacturing
p_18,Medium,Existing,Thessaly,5.93993016,2.19777415,52,Warehousing and support activities for transportation,H, Transportation and Storage
p_19,Small,Existing,Attica,0.287,0.12915,31,Manufacture of furniture,C, Manufacturing
p_20,Micro,Existing,Central Macedonia,0.8234,0.459925,22,Manufacture of rubber and plastic products,C, Manufacturing
p_20,Micro,Existing,Central Macedonia,0.8234,0.459925,31,Manufacture of furniture,C, Manufacturing
p_20,Micro,Existing,Central Macedonia,0.8234,0.459925,31,Manufacture of furniture,C, Manufacturing
p_20,Micro,Existing,Central Macedonia,0.8234,0.459925,31,Manufacture of furniture,C, Manufacturing
p_20,Micro,Existing,Central Macedonia,0.8234,0.459925,31,Manufacture of furniture,C, Manufacturing
p_21,Micro,Existing,Sterea Ellada,0.867332,0.5203992000000001,11,Manufacture of beverages,C, Manufacturing
p_22,Medium,Existing,Peloponnese,0.69492751,0.30802610999999996,25,"Manufacture of fabricated metal products, except machinery and equipment",C, Manufacturing
p_23,Micro,Existing,Attica,0.6966296,0.31433332,18,Printing and reproduction of recorded media,C, Manufacturing
p_23,Micro,Existing,Attica,0.6966296,0.31433332,18,Printing and reproduction of recorded media,C, Manufacturing
p_24,Small,Existing,Central Macedonia,0.651678,0.22698625,28,Manufacture of machinery and equipment n.e.c.,C, Manufacturing
p_25,Small,Existing,Crete,0.673755,0.33486290999999996,10,Manufacture of food products,C, Manufacturing
p_25,Small,Existing,Crete,0.673755,0.33486290999999996,10,Manufacture of food products,C, Manufacturing
p_26,Small,Existing,Thessaly,0.51492,0.25746,16,"Manufacture of wood and of products of wood and cork, except furniture; manufacture of articles of straw and plaiting materials",C, Manufacturing
p_26,Small,Existing,Thessaly,0.51492,0.25746,22,Manufacture of rubber and plastic products,C, Manufacturing
p_26,Small,Existing,Thessaly,0.51492,0.25746,25,"Manufacture of fabricated metal products, except machinery and equipment",C, Manufacturing
p_27,Medium,Existing,Central Macedonia,6.0,3.6,38,"Waste collection, treatment and disposal activities; materials recovery",E," Water supply, sewerage, waste management and remediation"
p_28,Small,Existing,Central Macedonia,1.2445084,0.68435466,18,Printing and reproduction of recorded media,C, Manufacturing
p_28,Small,Existing,Central Macedonia,1.2445084,0.68435466,22,Manufacture of rubber and plastic products,C, Manufacturing
p_29,Small,Existing,Western Greece,0.84533646,0.42266823,25,"Manufacture of fabricated metal products, except machinery and equipment",C, Manufacturing
p_29,Small,Existing,Western Greece,0.84533646,0.42266823,31,Manufacture of furniture,C, Manufacturing
p_30,Small,Existing,Eastern Macedonia and Thrace,0.64114048,0.35569574,27,Manufacture of electrical equipment,C, Manufacturing
p_31,Micro,Existing,Eastern Macedonia and Thrace,0.62407494,0.37419496,25,"Manufacture of fabricated metal products, except machinery and equipment",C, Manufacturing
p_32,Small,Existing,Sterea Ellada,0.3838,0.23003,22,Manufacture of rubber and plastic products,C, Manufacturing
p_33,Micro,Existing,Western Greece,0.4369,0.26214,38,"Waste collection, treatment and disposal activities; materials recovery",E," Water supply, sewerage, waste management and remediation"
p_33,Micro,Existing,Western Greece,0.4369,0.26214,38,"Waste collection, treatment and disposal activities; materials recovery",E," Water supply, sewerage, waste management and remediation"
p_33,Micro,Existing,Western Greece,0.4369,0.26214,38,"Waste collection, treatment and disposal activities; materials recovery",E," Water supply, sewerage, waste management and remediation"
p_34,Small,Existing,Attica,0.3065,0.13875,25,"Manufacture of fabricated metal products, except machinery and equipment",C, Manufacturing
p_34,Small,Existing,Attica,0.3065,0.13875,33,Repair and installation of machinery and equipment,C, Manufacturing
p_35,Medium,Existing,Central Macedonia,5.7211,3.43266,10,Manufacture of food products,C, Manufacturing
p_35,Medium,Existing,Central Macedonia,5.7211,3.43266,10,Manufacture of food products,C, Manufacturing
p_36,Small,Existing,Central Macedonia,0.6206,0.43442,25,"Manufacture of fabricated metal products, except machinery and equipment",C, Manufacturing
p_36,Small,Existing,Central Macedonia,0.6206,0.43442,28,Manufacture of machinery and equipment n.e.c.,C, Manufacturing
p_37,Micro,New,Attica,0.9702975,0.43700887,25,"Manufacture of fabricated metal products, except machinery and equipment",C, Manufacturing
p_37,Micro,New,Attica,0.9702975,0.43700887,25,"Manufacture of fabricated metal products, except machinery and equipment",C, Manufacturing
p_37,Micro,New,Attica,0.9702975,0.43700887,28,Manufacture of machinery and equipment n.e.c.,C, Manufacturing
p_37,Micro,New,Attica,0.9702975,0.43700887,28,Manufacture of machinery and equipment n.e.c.,C, Manufacturing
p_37,Micro,New,Attica,0.9702975,0.43700887,33,Repair and installation of machinery and equipment,C, Manufacturing
p_37,Micro,New,Attica,0.9702975,0.43700887,33,Repair and installation of machinery and equipment,C, Manufacturing
p_37,Micro,New,Attica,0.9702975,0.43700887,33,Repair and installation of machinery and equipment,C, Manufacturing
p_38,Small,Existing,Attica,0.7766568699999999,0.34949558000000003,22,Manufacture of rubber and plastic products,C, Manufacturing
p_39,Medium,Existing,Attica,5.99967598,1.79990279,38,"Waste collection, treatment and disposal activities; materials recovery",E," Water supply, sewerage, waste management and remediation"
p_39,Medium,Existing,Attica,5.99967598,1.79990279,38,"Waste collection, treatment and disposal activities; materials recovery",E," Water supply, sewerage, waste management and remediation"
p_40,Small,Existing,Central Macedonia,0.4681095,0.2808657,25,"Manufacture of fabricated metal products, except machinery and equipment",C, Manufacturing
p_41,Small,Existing,Central Macedonia,0.316235,0.2213645,25,"Manufacture of fabricated metal products, except machinery and equipment",C, Manufacturing
p_42,Micro,Existing,Epirus,0.36377,0.232239,16,"Manufacture of wood and of products of wood and cork, except furniture; manufacture of articles of straw and plaiting materials",C, Manufacturing
p_43,Small,Existing,Central Macedonia,1.057475,0.68698375,22,Manufacture of rubber and plastic products,C, Manufacturing
p_44,Micro,Existing,Thessaly,0.30360445,0.19298310999999999,25,"Manufacture of fabricated metal products, except machinery and equipment",C, Manufacturing
p_44,Micro,Existing,Thessaly,0.30360445,0.19298310999999999,27,Manufacture of electrical equipment,C, Manufacturing
p_45,Medium,Existing,Central Macedonia,2.7453641600000003,1.36321927,26,"Manufacture of computer, electronic and optical products",C, Manufacturing
p_46,Micro,Existing,Central Macedonia,0.3,0.18857038,11,Manufacture of beverages,C, Manufacturing
p_47,Micro,Existing,Central Macedonia,0.84964,0.5264768000000001,23,Manufacture of other non-metallic mineral products,C, Manufacturing
p_48,Small,Existing,Attica,0.44612653,0.17845060999999998,16,"Manufacture of wood and of products of wood and cork, except furniture; manufacture of articles of straw and plaiting materials",C, Manufacturing
p_49,Small,Existing,Central Macedonia,0.54521548,0.32712928,10,Manufacture of food products,C, Manufacturing
p_50,Small,Existing,Attica,0.4475,0.179,25,"Manufacture of fabricated metal products, except machinery and equipment",C, Manufacturing
p_51,Small,Existing,Thessaly,1.501494,0.9008964,31,Manufacture of furniture,C, Manufacturing
p_51,Small,Existing,Thessaly,1.501494,0.9008964,31,Manufacture of furniture,C, Manufacturing
p_52,Micro,Existing,Central Macedonia,0.26266,0.183862,10,Manufacture of food products,C, Manufacturing
p_53,Medium,Existing,Central Macedonia,1.3331663999999999,0.5908848299999999,20,Manufacture of chemicals and chemical products,C, Manufacturing
p_53,Medium,Existing,Central Macedonia,1.3331663999999999,0.5908848299999999,20,Manufacture of chemicals and chemical products,C, Manufacturing
p_53,Medium,Existing,Central Macedonia,1.3331663999999999,0.5908848299999999,20,Manufacture of chemicals and chemical products,C, Manufacturing
p_53,Medium,Existing,Central Macedonia,1.3331663999999999,0.5908848299999999,20,Manufacture of chemicals and chemical products,C, Manufacturing
p_54,Small,Existing,Attica,1.791,0.80594998,28,Manufacture of machinery and equipment n.e.c.,C, Manufacturing
p_54,Small,Existing,Attica,1.791,0.80594998,33,Repair and installation of machinery and equipment,C, Manufacturing
p_54,Small,Existing,Attica,1.791,0.80594998,33,Repair and installation of machinery and equipment,C, Manufacturing
p_55,Small,Existing,Central Macedonia,0.61648,0.38675740000000003,28,Manufacture of machinery and equipment n.e.c.,C, Manufacturing
p_56,Medium,Existing,Central Macedonia,2.1917707,1.04808992,16,"Manufacture of wood and of products of wood and cork, except furniture; manufacture of articles of straw and plaiting materials",C, Manufacturing
p_57,Small,Existing,Sterea Ellada,2.42,1.338,38,"Waste collection, treatment and disposal activities; materials recovery",E," Water supply, sewerage, waste management and remediation"
p_57,Small,Existing,Sterea Ellada,2.42,1.338,38,"Waste collection, treatment and disposal activities; materials recovery",E," Water supply, sewerage, waste management and remediation"
p_58,Small,Existing,Central Macedonia,1.0095,0.6057,11,Manufacture of beverages,C, Manufacturing
p_58,Small,Existing,Central Macedonia,1.0095,0.6057,11,Manufacture of beverages,C, Manufacturing
p_58,Small,Existing,Central Macedonia,1.0095,0.6057,11,Manufacture of beverages,C, Manufacturing
p_58,Small,Existing,Central Macedonia,1.0095,0.6057,11,Manufacture of beverages,C, Manufacturing
p_59,Micro,Existing,Central Macedonia,0.3502,0.24414,28,Manufacture of machinery and equipment n.e.c.,C, Manufacturing
p_59,Micro,Existing,Central Macedonia,0.3502,0.24414,28,Manufacture of machinery and equipment n.e.c.,C, Manufacturing
p_60,Small,Existing,Western Greece,0.4694,0.32808,10,Manufacture of food products,C, Manufacturing
p_61,Micro,Existing,Central Macedonia,0.2734,0.17734998999999999,28,Manufacture of machinery and equipment n.e.c.,C, Manufacturing
p_62,Small,Existing,Eastern Macedonia and Thrace,1.72953698,1.19288051,31,Manufacture of furniture,C, Manufacturing
p_63,Small,Existing,Central Macedonia,0.9127368,0.63841574,29,"Manufacture of motor vehicles, trailers and semi-trailers",C, Manufacturing
p_64,Micro,Existing,Epirus,0.80405,0.48243,23,Manufacture of other non-metallic mineral products,C, Manufacturing
p_64,Micro,Existing,Epirus,0.80405,0.48243,23,Manufacture of other non-metallic mineral products,C, Manufacturing
p_64,Micro,Existing,Epirus,0.80405,0.48243,23,Manufacture of other non-metallic mineral products,C, Manufacturing
p_64,Micro,Existing,Epirus,0.80405,0.48243,25,"Manufacture of fabricated metal products, except machinery and equipment",C, Manufacturing
p_65,Micro,Existing,Central Macedonia,0.738281,0.5162967,25,"Manufacture of fabricated metal products, except machinery and equipment",C, Manufacturing
p_66,Micro,Existing,Central Macedonia,0.56552263,0.39486584,28,Manufacture of machinery and equipment n.e.c.,C, Manufacturing
p_67,Micro,Existing,Eastern Macedonia and Thrace,1.04694725,0.72178027,25,"Manufacture of fabricated metal products, except machinery and equipment",C, Manufacturing
p_67,Micro,Existing,Eastern Macedonia and Thrace,1.04694725,0.72178027,28,Manufacture of machinery and equipment n.e.c.,C, Manufacturing
p_67,Micro,Existing,Eastern Macedonia and Thrace,1.04694725,0.72178027,28,Manufacture of machinery and equipment n.e.c.,C, Manufacturing
p_68,Micro,Existing,Western Macedonia,0.6260964499999999,0.42644535,23,Manufacture of other non-metallic mineral products,C, Manufacturing
p_69,Medium,Existing,Central Macedonia,2.0560493,1.23179151,28,Manufacture of machinery and equipment n.e.c.,C, Manufacturing
p_69,Medium,Existing,Central Macedonia,2.0560493,1.23179151,28,Manufacture of machinery and equipment n.e.c.,C, Manufacturing
p_70,Small,New,Central Macedonia,0.30986,0.212602,28,Manufacture of machinery and equipment n.e.c.,C, Manufacturing
p_71,Small,Existing,Central Macedonia,0.40968,0.2292708,25,"Manufacture of fabricated metal products, except machinery and equipment",C, Manufacturing
p_72,Micro,Existing,Central Macedonia,0.41655445,0.286815,25,"Manufacture of fabricated metal products, except machinery and equipment",C, Manufacturing
p_72,Micro,Existing,Central Macedonia,0.41655445,0.286815,25,"Manufacture of fabricated metal products, except machinery and equipment",C, Manufacturing
p_72,Micro,Existing,Central Macedonia,0.41655445,0.286815,28,Manufacture of machinery and equipment n.e.c.,C, Manufacturing
p_72,Micro,Existing,Central Macedonia,0.41655445,0.286815,28,Manufacture of machinery and equipment n.e.c.,C, Manufacturing
p_72,Micro,Existing,Central Macedonia,0.41655445,0.286815,28,Manufacture of machinery and equipment n.e.c.,C, Manufacturing
p_72,Micro,Existing,Central Macedonia,0.41655445,0.286815,33,Repair and installation of machinery and equipment,C, Manufacturing
p_73,Small,Existing,Central Macedonia,0.9924713399999999,0.69006989,27,Manufacture of electrical equipment,C, Manufacturing
p_74,Micro,Existing,Central Macedonia,0.40286781,0.24122068,25,"Manufacture of fabricated metal products, except machinery and equipment",C, Manufacturing
p_75,Small,Existing,Central Macedonia,0.661848,0.330924,18,Printing and reproduction of recorded media,C, Manufacturing
p_75,Small,Existing,Central Macedonia,0.661848,0.330924,18,Printing and reproduction of recorded media,C, Manufacturing
p_75,Small,Existing,Central Macedonia,0.661848,0.330924,22,Manufacture of rubber and plastic products,C, Manufacturing
p_76,Micro,Existing,Sterea Ellada,1.05064,0.52532,22,Manufacture of rubber and plastic products,C, Manufacturing
p_76,Micro,Existing,Sterea Ellada,1.05064,0.52532,25,"Manufacture of fabricated metal products, except machinery and equipment",C, Manufacturing
p_76,Micro,Existing,Sterea Ellada,1.05064,0.52532,33,Repair and installation of machinery and equipment,C, Manufacturing
p_76,Micro,Existing,Sterea Ellada,1.05064,0.52532,33,Repair and installation of machinery and equipment,C, Manufacturing
p_77,Medium,Existing,Attica,1.17398875,0.41089606,31,Manufacture of furniture,C, Manufacturing
p_77,Medium,Existing,Attica,1.17398875,0.41089606,31,Manufacture of furniture,C, Manufacturing
p_78,Micro,Existing,Sterea Ellada,0.3081,0.18461,18,Printing and reproduction of recorded media,C, Manufacturing
p_78,Micro,Existing,Sterea Ellada,0.3081,0.18461,18,Printing and reproduction of recorded media,C, Manufacturing
p_78,Micro,Existing,Sterea Ellada,0.3081,0.18461,18,Printing and reproduction of recorded media,C, Manufacturing
p_78,Micro,Existing,Sterea Ellada,0.3081,0.18461,25,"Manufacture of fabricated metal products, except machinery and equipment",C, Manufacturing
p_79,Small,Existing,Central Macedonia,2.06552525,1.3014256000000002,10,Manufacture of food products,C, Manufacturing
p_79,Small,Existing,Central Macedonia,2.06552525,1.3014256000000002,10,Manufacture of food products,C, Manufacturing
p_79,Small,Existing,Central Macedonia,2.06552525,1.3014256000000002,10,Manufacture of food products,C, Manufacturing
p_79,Small,Existing,Central Macedonia,2.06552525,1.3014256000000002,10,Manufacture of food products,C, Manufacturing
p_79,Small,Existing,Central Macedonia,2.06552525,1.3014256000000002,22,Manufacture of rubber and plastic products,C, Manufacturing
p_80,Small,Existing,Central Macedonia,1.0515,0.72755,25,"Manufacture of fabricated metal products, except machinery and equipment",C, Manufacturing
p_80,Small,Existing,Central Macedonia,1.0515,0.72755,25,"Manufacture of fabricated metal products, except machinery and equipment",C, Manufacturing
p_80,Small,Existing,Central Macedonia,1.0515,0.72755,27,Manufacture of electrical equipment,C, Manufacturing
p_80,Small,Existing,Central Macedonia,1.0515,0.72755,27,Manufacture of electrical equipment,C, Manufacturing
p_81,Small,Existing,South Aegean,0.6751924,0.40486541,11,Manufacture of beverages,C, Manufacturing
p_82,Small,Existing,Central Macedonia,3.699264,2.1964891,32,Other manufacturing,C, Manufacturing
p_83,Small,Existing,Peloponnese,2.99569,1.6473795,23,Manufacture of other non-metallic mineral products,C, Manufacturing
p_84,Small,Existing,Central Macedonia,0.612558,0.42879059999999997,14,Manufacture of wearing apparel,C, Manufacturing
p_85,Medium,Existing,Central Macedonia,0.6788386999999999,0.30560241,10,Manufacture of food products,C, Manufacturing
p_85,Medium,Existing,Central Macedonia,0.6788386999999999,0.30560241,10,Manufacture of food products,C, Manufacturing
p_85,Medium,Existing,Central Macedonia,0.6788386999999999,0.30560241,10,Manufacture of food products,C, Manufacturing
p_86,Small,Existing,Central Macedonia,3.40258188,2.38130731,10,Manufacture of food products,C, Manufacturing
p_86,Small,Existing,Central Macedonia,3.40258188,2.38130731,52,Warehousing and support activities for transportation,H, Transportation and Storage
p_86,Small,Existing,Central Macedonia,3.40258188,2.38130731,52,Warehousing and support activities for transportation,H, Transportation and Storage
p_86,Small,Existing,Central Macedonia,3.40258188,2.38130731,52,Warehousing and support activities for transportation,H, Transportation and Storage
p_86,Small,Existing,Central Macedonia,3.40258188,2.38130731,52,Warehousing and support activities for transportation,H, Transportation and Storage
p_86,Small,Existing,Central Macedonia,3.40258188,2.38130731,52,Warehousing and support activities for transportation,H, Transportation and Storage
p_87,Small,Existing,Central Macedonia,0.37301666,0.22355998000000002,13,Manufacture of textiles,C, Manufacturing
p_87,Small,Existing,Central Macedonia,0.37301666,0.22355998000000002,14,Manufacture of wearing apparel,C, Manufacturing
p_88,Small,Existing,Eastern Macedonia and Thrace,1.82071797,1.18346666,11,Manufacture of beverages,C, Manufacturing
p_89,Medium,Existing,Crete,1.67406,1.004436,10,Manufacture of food products,C, Manufacturing
p_89,Medium,Existing,Crete,1.67406,1.004436,10,Manufacture of food products,C, Manufacturing
p_90,Small,Existing,Central Macedonia,0.49743116,0.32198328000000004,13,Manufacture of textiles,C, Manufacturing
p_90,Small,Existing,Central Macedonia,0.49743116,0.32198328000000004,14,Manufacture of wearing apparel,C, Manufacturing
p_90,Small,Existing,Central Macedonia,0.49743116,0.32198328000000004,17,Manufacture of paper and paper products,C, Manufacturing
p_91,Small,Existing,Attica,0.727938,0.2914252,25,"Manufacture of fabricated metal products, except machinery and equipment",C, Manufacturing
p_92,Micro,Existing,Western Greece,0.395,0.27589998,18,Printing and reproduction of recorded media,C, Manufacturing
p_92,Micro,Existing,Western Greece,0.395,0.27589998,25,"Manufacture of fabricated metal products, except machinery and equipment",C, Manufacturing
p_92,Micro,Existing,Western Greece,0.395,0.27589998,25,"Manufacture of fabricated metal products, except machinery and equipment",C, Manufacturing
p_92,Micro,Existing,Western Greece,0.395,0.27589998,27,Manufacture of electrical equipment,C, Manufacturing
p_93,Small,Existing,Central Macedonia,0.50131867,0.28058844,22,Manufacture of rubber and plastic products,C, Manufacturing
p_93,Small,Existing,Central Macedonia,0.50131867,0.28058844,22,Manufacture of rubber and plastic products,C, Manufacturing
p_93,Small,Existing,Central Macedonia,0.50131867,0.28058844,22,Manufacture of rubber and plastic products,C, Manufacturing
p_94,Small,Existing,Central Macedonia,0.3269,0.16345,17,Manufacture of paper and paper products,C, Manufacturing
p_94,Small,Existing,Central Macedonia,0.3269,0.16345,18,Printing and reproduction of recorded media,C, Manufacturing
p_95,Medium,Existing,Central Macedonia,5.9883850999999995,1.97976006,25,"Manufacture of fabricated metal products, except machinery and equipment",C, Manufacturing
p_95,Medium,Existing,Central Macedonia,5.9883850999999995,1.97976006,25,"Manufacture of fabricated metal products, except machinery and equipment",C, Manufacturing
p_96,Micro,Existing,Central Macedonia,0.51226235,0.34833837,25,"Manufacture of fabricated metal products, except machinery and equipment",C, Manufacturing
p_96,Micro,Existing,Central Macedonia,0.51226235,0.34833837,25,"Manufacture of fabricated metal products, except machinery and equipment",C, Manufacturing
p_96,Micro,Existing,Central Macedonia,0.51226235,0.34833837,28,Manufacture of machinery and equipment n.e.c.,C, Manufacturing
p_97,Small,Existing,Western Greece,2.3104435,1.56481745,10,Manufacture of food products,C, Manufacturing
p_97,Small,Existing,Western Greece,2.3104435,1.56481745,10,Manufacture of food products,C, Manufacturing
p_97,Small,Existing,Western Greece,2.3104435,1.56481745,10,Manufacture of food products,C, Manufacturing
p_98,Micro,Existing,Central Macedonia,0.52372,0.366104,24,Manufacture of basic metals,C, Manufacturing
p_99,Micro,Existing,Thessaly,0.262,0.1829,23,Manufacture of other non-metallic mineral products,C, Manufacturing
p_99,Micro,Existing,Thessaly,0.262,0.1829,23,Manufacture of other non-metallic mineral products,C, Manufacturing
p_99,Micro,Existing,Thessaly,0.262,0.1829,23,Manufacture of other non-metallic mineral products,C, Manufacturing
p_99,Micro,Existing,Thessaly,0.262,0.1829,23,Manufacture of other non-metallic mineral products,C, Manufacturing
p_99,Micro,Existing,Thessaly,0.262,0.1829,23,Manufacture of other non-metallic mineral products,C, Manufacturing
p_99,Micro,Existing,Thessaly,0.262,0.1829,23,Manufacture of other non-metallic mineral products,C, Manufacturing
p_99,Micro,Existing,Thessaly,0.262,0.1829,23,Manufacture of other non-metallic mineral products,C, Manufacturing
p_99,Micro,Existing,Thessaly,0.262,0.1829,23,Manufacture of other non-metallic mineral products,C, Manufacturing
p_99,Micro,Existing,Thessaly,0.262,0.1829,23,Manufacture of other non-metallic mineral products,C, Manufacturing
p_99,Micro,Existing,Thessaly,0.262,0.1829,23,Manufacture of other non-metallic mineral products,C, Manufacturing
p_99,Micro,Existing,Thessaly,0.262,0.1829,38,"Waste collection, treatment and disposal activities; materials recovery",E," Water supply, sewerage, waste management and remediation"
p_99,Micro,Existing,Thessaly,0.262,0.1829,38,"Waste collection, treatment and disposal activities; materials recovery",E," Water supply, sewerage, waste management and remediation"
p_99,Micro,Existing,Thessaly,0.262,0.1829,38,"Waste collection, treatment and disposal activities; materials recovery",E," Water supply, sewerage, waste management and remediation"
p_99,Micro,Existing,Thessaly,0.262,0.1829,38,"Waste collection, treatment and disposal activities; materials recovery",E," Water supply, sewerage, waste management and remediation"
p_100,Small,Existing,Crete,1.5687,1.09759,25,"Manufacture of fabricated metal products, except machinery and equipment",C, Manufacturing
p_100,Small,Existing,Crete,1.5687,1.09759,28,Manufacture of machinery and equipment n.e.c.,C, Manufacturing
p_100,Small,Existing,Crete,1.5687,1.09759,28,Manufacture of machinery and equipment n.e.c.,C, Manufacturing
p_101,Micro,Existing,Central Macedonia,2.635,1.8445,82,"Office administrative, office support and other business support activities",N, Administrative and support service activities
p_102,Small,Existing,Western Macedonia,0.7485,0.52345,23,Manufacture of other non-metallic mineral products,C, Manufacturing
p_103,Small,Existing,Western Macedonia,2.2977514599999997,1.60792601,20,Manufacture of chemicals and chemical products,C, Manufacturing
p_104,Small,Existing,Central Macedonia,1.64607,1.140949,27,Manufacture of electrical equipment,C, Manufacturing
p_105,Micro,Existing,Eastern Macedonia and Thrace,0.415353,0.28244004,23,Manufacture of other non-metallic mineral products,C, Manufacturing
p_106,Medium,Existing,Central Macedonia,0.724975,0.434735,10,Manufacture of food products,C, Manufacturing
p_107,Micro,Existing,Central Macedonia,0.4021,0.24101,23,Manufacture of other non-metallic mineral products,C, Manufacturing
p_107,Micro,Existing,Central Macedonia,0.4021,0.24101,23,Manufacture of other non-metallic mineral products,C, Manufacturing
p_107,Micro,Existing,Central Macedonia,0.4021,0.24101,23,Manufacture of other non-metallic mineral products,C, Manufacturing
p_107,Micro,Existing,Central Macedonia,0.4021,0.24101,23,Manufacture of other non-metallic mineral products,C, Manufacturing
p_108,Small,Existing,Central Macedonia,1.00236,0.601166,13,Manufacture of textiles,C, Manufacturing
p_108,Small,Existing,Central Macedonia,1.00236,0.601166,17,Manufacture of paper and paper products,C, Manufacturing
p_108,Small,Existing,Central Macedonia,1.00236,0.601166,18,Printing and reproduction of recorded media,C, Manufacturing
p_109,Small,Existing,Western Greece,0.31325574,0.21827901,26,"Manufacture of computer, electronic and optical products",C, Manufacturing
p_109,Small,Existing,Western Greece,0.31325574,0.21827901,26,"Manufacture of computer, electronic and optical products",C, Manufacturing
p_109,Small,Existing,Western Greece,0.31325574,0.21827901,26,"Manufacture of computer, electronic and optical products",C, Manufacturing
p_109,Small,Existing,Western Greece,0.31325574,0.21827901,27,Manufacture of electrical equipment,C, Manufacturing
p_110,Small,Existing,Sterea Ellada,1.187621,0.7123226,25,"Manufacture of fabricated metal products, except machinery and equipment",C, Manufacturing
p_111,Small,Existing,Central Macedonia,1.13275102,0.7649256999999999,24,Manufacture of basic metals,C, Manufacturing
p_112,Small,Existing,Epirus,0.468774,0.3276418,71,Architectural and engineering activities; technical testing and analysis,M," Legal, accounting, management, architecture, engineering, technical testing and analysis activities"
p_113,Small,New,Attica,0.768363,0.34576334999999997,10,Manufacture of food products,C, Manufacturing
p_114,Micro,New,Central Macedonia,0.35099,0.210344,28,Manufacture of machinery and equipment n.e.c.,C, Manufacturing
p_115,Micro,Existing,Attica,0.5,0.225,25,"Manufacture of fabricated metal products, except machinery and equipment",C, Manufacturing
p_116,Small,Existing,Western Macedonia,0.572,0.3994,23,Manufacture of other non-metallic mineral products,C, Manufacturing
p_116,Small,Existing,Western Macedonia,0.572,0.3994,23,Manufacture of other non-metallic mineral products,C, Manufacturing
p_117,Medium,Existing,Thessaly,2.582153,1.30119509,23,Manufacture of other non-metallic mineral products,C, Manufacturing
p_117,Medium,Existing,Thessaly,2.582153,1.30119509,23,Manufacture of other non-metallic mineral products,C, Manufacturing
p_117,Medium,Existing,Thessaly,2.582153,1.30119509,23,Manufacture of other non-metallic mineral products,C, Manufacturing
p_118,Small,New,Attica,3.2282,1.454565,28,Manufacture of machinery and equipment n.e.c.,C, Manufacturing
p_119,Small,Existing,Epirus,2.124753,1.4873271000000001,10,Manufacture of food products,C, Manufacturing
p_119,Small,Existing,Epirus,2.124753,1.4873271000000001,33,Repair and installation of machinery and equipment,C, Manufacturing
p_120,Micro,Existing,Central Macedonia,0.6875,0.41225,23,Manufacture of other non-metallic mineral products,C, Manufacturing
p_120,Micro,Existing,Central Macedonia,0.6875,0.41225,23,Manufacture of other non-metallic mineral products,C, Manufacturing
p_121,Small,Existing,Central Macedonia,1.1475,0.79375,27,Manufacture of electrical equipment,C, Manufacturing
p_121,Small,Existing,Central Macedonia,1.1475,0.79375,27,Manufacture of electrical equipment,C, Manufacturing
p_122,Small,Existing,Crete,0.6375,0.4394,10,Manufacture of food products,C, Manufacturing
p_123,Small,Existing,Thessaly,2.2144656400000002,1.31718204,21,Manufacture of basic pharmaceutical products and pharmaceutical preparations,C, Manufacturing
p_123,Small,Existing,Thessaly,2.2144656400000002,1.31718204,26,"Manufacture of computer, electronic and optical products",C, Manufacturing
p_123,Small,Existing,Thessaly,2.2144656400000002,1.31718204,71,Architectural and engineering activities; technical testing and analysis,M," Legal, accounting, management, architecture, engineering, technical testing and analysis activities"
p_124,Medium,Existing,Central Macedonia,1.04,0.52,25,"Manufacture of fabricated metal products, except machinery and equipment",C, Manufacturing
p_124,Medium,Existing,Central Macedonia,1.04,0.52,25,"Manufacture of fabricated metal products, except machinery and equipment",C, Manufacturing
p_124,Medium,Existing,Central Macedonia,1.04,0.52,26,"Manufacture of computer, electronic and optical products",C, Manufacturing
p_124,Medium,Existing,Central Macedonia,1.04,0.52,28,Manufacture of machinery and equipment n.e.c.,C, Manufacturing
p_124,Medium,Existing,Central Macedonia,1.04,0.52,28,Manufacture of machinery and equipment n.e.c.,C, Manufacturing
p_124,Medium,Existing,Central Macedonia,1.04,0.52,28,Manufacture of machinery and equipment n.e.c.,C, Manufacturing
p_125,Small,Existing,Sterea Ellada,0.29434569,0.17477741,24,Manufacture of basic metals,C, Manufacturing
p_125,Small,Existing,Sterea Ellada,0.29434569,0.17477741,24,Manufacture of basic metals,C, Manufacturing
p_125,Small,Existing,Sterea Ellada,0.29434569,0.17477741,25,"Manufacture of fabricated metal products, except machinery and equipment",C, Manufacturing
p_125,Small,Existing,Sterea Ellada,0.29434569,0.17477741,28,Manufacture of machinery and equipment n.e.c.,C, Manufacturing
p_125,Small,Existing,Sterea Ellada,0.29434569,0.17477741,28,Manufacture of machinery and equipment n.e.c.,C, Manufacturing
p_125,Small,Existing,Sterea Ellada,0.29434569,0.17477741,28,Manufacture of machinery and equipment n.e.c.,C, Manufacturing
p_125,Small,Existing,Sterea Ellada,0.29434569,0.17477741,28,Manufacture of machinery and equipment n.e.c.,C, Manufacturing
p_125,Small,Existing,Sterea Ellada,0.29434569,0.17477741,28,Manufacture of machinery and equipment n.e.c.,C, Manufacturing
p_125,Small,Existing,Sterea Ellada,0.29434569,0.17477741,28,Manufacture of machinery and equipment n.e.c.,C, Manufacturing
p_125,Small,Existing,Sterea Ellada,0.29434569,0.17477741,38,"Waste collection, treatment and disposal activities; materials recovery",E," Water supply, sewerage, waste management and remediation"
p_125,Small,Existing,Sterea Ellada,0.29434569,0.17477741,38,"Waste collection, treatment and disposal activities; materials recovery",E," Water supply, sewerage, waste management and remediation"
p_125,Small,Existing,Sterea Ellada,0.29434569,0.17477741,38,"Waste collection, treatment and disposal activities; materials recovery",E," Water supply, sewerage, waste management and remediation"
p_125,Small,Existing,Sterea Ellada,0.29434569,0.17477741,38,"Waste collection, treatment and disposal activities; materials recovery",E," Water supply, sewerage, waste management and remediation"
p_125,Small,Existing,Sterea Ellada,0.29434569,0.17477741,38,"Waste collection, treatment and disposal activities; materials recovery",E," Water supply, sewerage, waste management and remediation"
p_125,Small,Existing,Sterea Ellada,0.29434569,0.17477741,38,"Waste collection, treatment and disposal activities; materials recovery",E," Water supply, sewerage, waste management and remediation"
p_125,Small,Existing,Sterea Ellada,0.29434569,0.17477741,38,"Waste collection, treatment and disposal activities; materials recovery",E," Water supply, sewerage, waste management and remediation"
p_126,Medium,Existing,Sterea Ellada,2.55132444,1.27566222,22,Manufacture of rubber and plastic products,C, Manufacturing
p_127,Small,Existing,Attica,0.507144,0.2282148,17,Manufacture of paper and paper products,C, Manufacturing
p_127,Small,Existing,Attica,0.507144,0.2282148,17,Manufacture of paper and paper products,C, Manufacturing
p_127,Small,Existing,Attica,0.507144,0.2282148,18,Printing and reproduction of recorded media,C, Manufacturing
p_127,Small,Existing,Attica,0.507144,0.2282148,18,Printing and reproduction of recorded media,C, Manufacturing
p_127,Small,Existing,Attica,0.507144,0.2282148,18,Printing and reproduction of recorded media,C, Manufacturing
p_127,Small,Existing,Attica,0.507144,0.2282148,18,Printing and reproduction of recorded media,C, Manufacturing
p_127,Small,Existing,Attica,0.507144,0.2282148,18,Printing and reproduction of recorded media,C, Manufacturing
p_127,Small,Existing,Attica,0.507144,0.2282148,18,Printing and reproduction of recorded media,C, Manufacturing
p_127,Small,Existing,Attica,0.507144,0.2282148,22,Manufacture of rubber and plastic products,C, Manufacturing
p_128,Micro,Existing,Western Greece,0.44899,0.26939398999999997,25,"Manufacture of fabricated metal products, except machinery and equipment",C, Manufacturing
p_129,Small,Existing,Western Greece,0.462047,0.2310235,10,Manufacture of food products,C, Manufacturing
p_129,Small,Existing,Western Greece,0.462047,0.2310235,10,Manufacture of food products,C, Manufacturing
p_130,Small,Existing,Western Greece,2.6628,1.59768,22,Manufacture of rubber and plastic products,C, Manufacturing
p_131,Small,Existing,Central Macedonia,0.38050778999999996,0.230875,22,Manufacture of rubber and plastic products,C, Manufacturing
p_132,Small,Existing,South Aegean,0.7894189,0.47135134,38,"Waste collection, treatment and disposal activities; materials recovery",E," Water supply, sewerage, waste management and remediation"
p_132,Small,Existing,South Aegean,0.7894189,0.47135134,38,"Waste collection, treatment and disposal activities; materials recovery",E," Water supply, sewerage, waste management and remediation"
p_133,Medium,Existing,Peloponnese,2.32936,1.16468,27,Manufacture of electrical equipment,C, Manufacturing
p_134,Small,Existing,Central Macedonia,1.160973,0.6108154,10,Manufacture of food products,C, Manufacturing
p_134,Small,Existing,Central Macedonia,1.160973,0.6108154,10,Manufacture of food products,C, Manufacturing
p_135,Small,Existing,Central Macedonia,0.460579,0.3214053,17,Manufacture of paper and paper products,C, Manufacturing
p_135,Small,Existing,Central Macedonia,0.460579,0.3214053,18,Printing and reproduction of recorded media,C, Manufacturing
p_135,Small,Existing,Central Macedonia,0.460579,0.3214053,18,Printing and reproduction of recorded media,C, Manufacturing
p_136,Small,Existing,Attica,5.320202190000001,2.30971592,21,Manufacture of basic pharmaceutical products and pharmaceutical preparations,C, Manufacturing
p_137,Medium,Existing,Western Macedonia,0.838893,0.4962258,25,"Manufacture of fabricated metal products, except machinery and equipment",C, Manufacturing
p_137,Medium,Existing,Western Macedonia,0.838893,0.4962258,25,"Manufacture of fabricated metal products, except machinery and equipment",C, Manufacturing
p_137,Medium,Existing,Western Macedonia,0.838893,0.4962258,25,"Manufacture of fabricated metal products, except machinery and equipment",C, Manufacturing
p_138,Micro,Existing,Ionian Islands,0.756657,0.4523942,38,"Waste collection, treatment and disposal activities; materials recovery",E," Water supply, sewerage, waste management and remediation"
p_138,Micro,Existing,Ionian Islands,0.756657,0.4523942,38,"Waste collection, treatment and disposal activities; materials recovery",E," Water supply, sewerage, waste management and remediation"
p_138,Micro,Existing,Ionian Islands,0.756657,0.4523942,38,"Waste collection, treatment and disposal activities; materials recovery",E," Water supply, sewerage, waste management and remediation"
p_138,Micro,Existing,Ionian Islands,0.756657,0.4523942,38,"Waste collection, treatment and disposal activities; materials recovery",E," Water supply, sewerage, waste management and remediation"
p_138,Micro,Existing,Ionian Islands,0.756657,0.4523942,38,"Waste collection, treatment and disposal activities; materials recovery",E," Water supply, sewerage, waste management and remediation"
p_138,Micro,Existing,Ionian Islands,0.756657,0.4523942,38,"Waste collection, treatment and disposal activities; materials recovery",E," Water supply, sewerage, waste management and remediation"
p_138,Micro,Existing,Ionian Islands,0.756657,0.4523942,38,"Waste collection, treatment and disposal activities; materials recovery",E," Water supply, sewerage, waste management and remediation"
p_138,Micro,Existing,Ionian Islands,0.756657,0.4523942,38,"Waste collection, treatment and disposal activities; materials recovery",E," Water supply, sewerage, waste management and remediation"
p_138,Micro,Existing,Ionian Islands,0.756657,0.4523942,38,"Waste collection, treatment and disposal activities; materials recovery",E," Water supply, sewerage, waste management and remediation"
p_138,Micro,Existing,Ionian Islands,0.756657,0.4523942,38,"Waste collection, treatment and disposal activities; materials recovery",E," Water supply, sewerage, waste management and remediation"
p_138,Micro,Existing,Ionian Islands,0.756657,0.4523942,38,"Waste collection, treatment and disposal activities; materials recovery",E," Water supply, sewerage, waste management and remediation"
p_138,Micro,Existing,Ionian Islands,0.756657,0.4523942,38,"Waste collection, treatment and disposal activities; materials recovery",E," Water supply, sewerage, waste management and remediation"
p_138,Micro,Existing,Ionian Islands,0.756657,0.4523942,38,"Waste collection, treatment and disposal activities; materials recovery",E," Water supply, sewerage, waste management and remediation"
p_138,Micro,Existing,Ionian Islands,0.756657,0.4523942,38,"Waste collection, treatment and disposal activities; materials recovery",E," Water supply, sewerage, waste management and remediation"
p_138,Micro,Existing,Ionian Islands,0.756657,0.4523942,38,"Waste collection, treatment and disposal activities; materials recovery",E," Water supply, sewerage, waste management and remediation"
p_138,Micro,Existing,Ionian Islands,0.756657,0.4523942,38,"Waste collection, treatment and disposal activities; materials recovery",E," Water supply, sewerage, waste management and remediation"
p_139,Small,Existing,Peloponnese,0.6995,0.2798,10,Manufacture of food products,C, Manufacturing
p_140,Small,Existing,Central Macedonia,1.2722475,0.82696087,25,"Manufacture of fabricated metal products, except machinery and equipment",C, Manufacturing
p_140,Small,Existing,Central Macedonia,1.2722475,0.82696087,25,"Manufacture of fabricated metal products, except machinery and equipment",C, Manufacturing
p_140,Small,Existing,Central Macedonia,1.2722475,0.82696087,26,"Manufacture of computer, electronic and optical products",C, Manufacturing
p_140,Small,Existing,Central Macedonia,1.2722475,0.82696087,26,"Manufacture of computer, electronic and optical products",C, Manufacturing
p_140,Small,Existing,Central Macedonia,1.2722475,0.82696087,26,"Manufacture of computer, electronic and optical products",C, Manufacturing
p_140,Small,Existing,Central Macedonia,1.2722475,0.82696087,26,"Manufacture of computer, electronic and optical products",C, Manufacturing
p_140,Small,Existing,Central Macedonia,1.2722475,0.82696087,26,"Manufacture of computer, electronic and optical products",C, Manufacturing
p_140,Small,Existing,Central Macedonia,1.2722475,0.82696087,28,Manufacture of machinery and equipment n.e.c.,C, Manufacturing
p_140,Small,Existing,Central Macedonia,1.2722475,0.82696087,28,Manufacture of machinery and equipment n.e.c.,C, Manufacturing
p_141,Small,Existing,Central Macedonia,6.0,4.2,25,"Manufacture of fabricated metal products, except machinery and equipment",C, Manufacturing
p_141,Small,Existing,Central Macedonia,6.0,4.2,52,Warehousing and support activities for transportation,H, Transportation and Storage
p_142,Small,Existing,Eastern Macedonia and Thrace,1.02913,0.720391,23,Manufacture of other non-metallic mineral products,C, Manufacturing
p_143,Medium,Existing,Sterea Ellada,4.03691375,1.61476549,25,"Manufacture of fabricated metal products, except machinery and equipment",C, Manufacturing
p_144,Medium,Existing,Central Macedonia,0.93116901,0.46800139,11,Manufacture of beverages,C, Manufacturing
p_145,Small,Existing,Attica,0.79917399,0.35962828,25,"Manufacture of fabricated metal products, except machinery and equipment",C, Manufacturing
p_145,Small,Existing,Attica,0.79917399,0.35962828,27,Manufacture of electrical equipment,C, Manufacturing
p_146,Small,Existing,Epirus,0.76019025,0.53113317,10,Manufacture of food products,C, Manufacturing
p_147,Small,Existing,Central Macedonia,0.62725009,0.43907506,23,Manufacture of other non-metallic mineral products,C, Manufacturing
p_148,Small,Existing,Western Macedonia,1.03737681,0.71916376,10,Manufacture of food products,C, Manufacturing
p_149,Small,Existing,Western Macedonia,0.34611825,0.24128276999999998,10,Manufacture of food products,C, Manufacturing
p_149,Small,Existing,Western Macedonia,0.34611825,0.24128276999999998,10,Manufacture of food products,C, Manufacturing
p_149,Small,Existing,Western Macedonia,0.34611825,0.24128276999999998,10,Manufacture of food products,C, Manufacturing
p_150,Micro,Existing,Western Macedonia,0.2919,0.20333,10,Manufacture of food products,C, Manufacturing
p_151,Micro,Existing,North Aegean,1.16,0.86625,10,Manufacture of food products,C, Manufacturing
